{
  "phase": 54,
  "paper": "ITU and Cryptography",
  "description": "ASI-era roadmap and synthesis (final phase)",
  "migration_timeline": {
    "years": [
      2024,
      2025,
      2026,
      2027,
      2028,
      2029,
      2030,
      2031,
      2032,
      2033,
      2034,
      2035,
      2036,
      2037,
      2038,
      2039,
      2040
    ],
    "pqc_adoption_fraction": [
      0.03444519566621117,
      0.06496916912866407,
      0.11920292202211755,
      0.20860852732604496,
      0.33924363123418283,
      0.5,
      0.6607563687658172,
      0.791391472673955,
      0.8807970779778823,
      0.935030830871336,
      0.9655548043337889,
      0.9820137900379085,
      0.9906840406549333,
      0.9951952471128405,
      0.9975273768433653,
      0.9987289837369187,
      0.9993470346624472
    ],
    "qkd_cities": [
      7.378352679143962,
      9.61139987580801,
      13.903173931235322,
      22.05037185477453,
      37.159738718688715,
      64.00544640094819,
      108.26122102639225,
      172.9255974609205,
      252.5,
      332.07440253907953,
      396.73877897360774,
      440.99455359905176,
      467.8402612813113,
      482.9496281452255,
      491.0968260687647,
      495.388600124192,
      497.621647320856
    ],
    "quantum_logical_qubits": [
      10.0,
      12.32846739442066,
      15.199110829529339,
      18.73817422860384,
      23.101297000831604,
      28.48035868435802,
      35.11191734215131,
      43.28761281083057,
      53.3669923120631,
      65.79332246575683,
      81.11308307896873,
      100.0,
      123.28467394420659,
      151.99110829529332,
      187.3817422860383,
      231.0129700083158,
      284.8035868435802
    ]
  },
  "organisation_costs": {
    "individual": {
      "baseline_cost": 0,
      "pqc_cost": 0,
      "tier3_cost": 0,
      "total": 0
    },
    "SME": {
      "baseline_cost": 0,
      "pqc_cost": 50000,
      "tier3_cost": 250000,
      "total": 300000
    },
    "large_enterprise": {
      "baseline_cost": 100000,
      "pqc_cost": 5000000,
      "tier3_cost": 50000000,
      "total": 55100000
    },
    "bank": {
      "baseline_cost": 10000000,
      "pqc_cost": 200000000,
      "tier3_cost": 2000000000,
      "total": 2210000000
    },
    "government": {
      "baseline_cost": 100000000,
      "pqc_cost": 5000000000,
      "tier3_cost": 50000000000,
      "total": 55100000000
    },
    "military": {
      "baseline_cost": 1000000000,
      "pqc_cost": 50000000000,
      "tier3_cost": 500000000000,
      "total": 551000000000
    }
  },
  "tier_security_combinations": {
    "Tier 1 only": {
      "classical": 256,
      "quantum": 128,
      "asi": 128
    },
    "Tier 1 + Tier 2": {
      "classical": 512,
      "quantum": 368,
      "asi": 328
    },
    "Tier 1 + Tier 2 + Tier 3 ★": {
      "classical": 768,
      "quantum": 624,
      "asi": 584
    }
  },
  "falsifiable_predictions": [
    "Kyber-1024 remains secure through 2050",
    "RSA-2048 broken by quantum computer by 2035 (P > 0.75)",
    "QKD satellites operational worldwide by 2030",
    "ITU 3-tier crypto adopted for government use by 2035",
    "Φ_ITU embedded protocols standardised by NIST by 2038",
    "Naive [[5,1,3]] QKD enhancement does NOT exceed BB84",
    "LWE classical attack stays ≥ 2^(0.29 n)",
    "ASI cryptanalysis capability ∝ Φ_ITU",
    "1000-logical-qubit quantum computer by 2030 (P > 0.5)",
    "Open-source PQC remains accessible to individuals"
  ],
  "paper_complete": true,
  "tier": 1,
  "paper_number": 3,
  "tier_0_concept_doi": "10.5281/zenodo.20109210",
  "tier_1_qc_doi": "10.5281/zenodo.20139391",
  "tier_1_ai_doi": "10.5281/zenodo.20150501",
  "tier_1_engineering_triangle": [
    "Tier 1 #1: Quantum Computing",
    "Tier 1 #2: Machine Consciousness / ASI",
    "Tier 1 #3: Cryptography (this paper)"
  ],
  "next_paper_candidates": [
    "Tier 1 #4: Semiconductors",
    "Tier 1 #5: Cancer Biology",
    "Tier 1 #6: Aging"
  ]
}