{
  "planck_observed_peaks": [
    220,
    537,
    810
  ],
  "models": {
    "LCDM (Planck 2018)": {
      "Omega_m": 0.315,
      "Omega_b": 0.049,
      "h": 0.674,
      "r_s_Mpc": 149.91648662898606,
      "D_A_Mpc": 13941.029932989632,
      "theta_A": 0.010753616293027837,
      "peaks": [
        219.9836039981151,
        536.6665080272742,
        809.5279769970477
      ],
      "avg_deviation_pct": 0.04260998705184482
    },
    "MOND-only (no CDM)": {
      "Omega_m": 0.049,
      "Omega_b": 0.049,
      "h": 0.674,
      "r_s_Mpc": 215.86899058493285,
      "D_A_Mpc": 28627.200125049127,
      "theta_A": 0.007540695200437888,
      "peaks": [
        313.71368358924553,
        765.3280700576947,
        1154.4496908709157
      ],
      "avg_deviation_pct": 42.54699192580516
    },
    "Hybrid (+1.5 eV nu)": {
      "Omega_m": 0.066,
      "Omega_b": 0.049,
      "h": 0.674,
      "r_s_Mpc": 205.3125468762413,
      "D_A_Mpc": 25610.348090520696,
      "theta_A": 0.008016780800891762,
      "peaks": [
        295.0834414594409,
        719.8781964953426,
        1085.891389487531
      ],
      "avg_deviation_pct": 34.08167748982338
    }
  }
}