{
  "code": "[[5,1,3]]",
  "phase_transition_predicted": {
    "|A|<=2": 0.0,
    "|A|>=3": 2.0
  },
  "I_AR_by_subset_size": {
    "0": {
      "min": 0.0,
      "max": 0.0
    },
    "1": {
      "min": 2.220446049250313e-16,
      "max": 2.220446049250313e-16
    },
    "2": {
      "min": 4.440892098500626e-16,
      "max": 4.440892098500626e-16
    },
    "3": {
      "min": 1.9999999999999996,
      "max": 1.9999999999999998
    },
    "4": {
      "min": 1.9999999999999998,
      "max": 2.0
    },
    "5": {
      "min": 1.9999999999999993,
      "max": 1.9999999999999993
    }
  },
  "codeword_trace_distance_by_k": {
    "0": {
      "min": 0.0,
      "max": 0.0
    },
    "1": {
      "min": 0.0,
      "max": 0.0
    },
    "2": {
      "min": 0.0,
      "max": 0.0
    },
    "3": {
      "min": 1.0,
      "max": 1.0
    },
    "4": {
      "min": 1.0,
      "max": 1.0
    },
    "5": {
      "min": 1.0,
      "max": 1.0
    }
  },
  "S_R_bits": 1.0
}