{
  "epsilon": 0.22,
  "q_QL": [
    3,
    2,
    0
  ],
  "q_uR": [
    3,
    2,
    0
  ],
  "q_dR": [
    2,
    2,
    2
  ],
  "q_LL": [
    0,
    0,
    0
  ],
  "q_eR": [
    3,
    2,
    0
  ],
  "m_up_predicted": [
    0.00016783541307523065,
    0.006565292701190913,
    0.9617580939407862
  ],
  "m_down_predicted": [
    0.000407745258914038,
    0.003841952024400625,
    0.08266651303310187
  ],
  "m_charged_lepton_predicted": [
    0.007028930251659364,
    0.049952282149355307,
    1.1098069470982233
  ],
  "CKM_magnitudes": [
    [
      0.9970887656290736,
      0.07506322399106072,
      0.013397979711856023
    ],
    [
      0.07551016652981471,
      0.996453966658324,
      0.03711747676676201
    ],
    [
      0.010592837529724371,
      0.038013217897979734,
      0.9992210901788006
    ]
  ],
  "PMNS_magnitudes": [
    [
      0.5396748455745215,
      0.7995105381944952,
      0.2636929281760605
    ],
    [
      0.638474863960011,
      0.4644372729965715,
      0.6137164390357756
    ],
    [
      0.5487266251471326,
      0.3808948920206939,
      0.744189607618369
    ]
  ],
  "ensemble_median": {
    "V_us": 0.27558972988288566,
    "V_cb": 0.056116024996000526,
    "V_ub": 0.013174018327713248,
    "m_up_median": [
      0.0002458302691223858,
      0.004462662317706787,
      1.1735439557652616
    ],
    "m_down_median": [
      0.0006070799487443337,
      0.004252620921589481,
      0.11262885207170695
    ]
  }
}