{
  "N": 32,
  "central_charge_fit": 1.0314994847802015,
  "mi_powerlaw_alpha": -1.5123211408352448,
  "xx_top5_normalized_eigs": [
    0.18569186045358993,
    0.18569186045355082,
    0.07378436520833817,
    0.06181733824181669,
    0.0618173382418039
  ],
  "rnd_top5_normalized_eigs": [
    0.13988543720300797,
    0.12601870776472104,
    0.10729020292945747,
    0.10383161322781069,
    0.099643542144716
  ],
  "xx_2d_variance_explained": 0.3713837209071408,
  "rnd_2d_variance_explained": 0.265904144967729
}