{
  "Ns": [
    16,
    32,
    64,
    128,
    256,
    512,
    1024
  ],
  "subregion_S_values": [
    1.1538474161496137,
    1.3844192136137918,
    1.6153133637025037,
    1.846322595681253,
    2.077361636397547,
    2.3084081879131007,
    2.5394566207911384
  ],
  "fit_S_log_slope": 0.33320349850796854,
  "fit_S_log_slope_predicted": 0.3333333333333333,
  "fit_S_log_slope_ratio": 0.9996104955239057,
  "mutual_information_values": [
    0.2912113026945615,
    0.21236061804436135,
    0.19826853441406556,
    0.19499118756803435,
    0.19418607561700751,
    0.19398567038914738
  ],
  "mutual_information_asymptote": 0.19398567038914738,
  "mutual_information_Ns": [
    32,
    64,
    128,
    256,
    512,
    1024
  ],
  "thermal_total_entropy": [
    8.185138343747553,
    16.37027641875423,
    32.74055283750846,
    65.48110567501692,
    130.96221135003384,
    261.9244227000677,
    523.8488454001354
  ],
  "BH_bound_N_log_2": [
    11.090354888959125,
    22.18070977791825,
    44.3614195558365,
    88.722839111673,
    177.445678223346,
    354.891356446692,
    709.782712893384
  ],
  "observer_bounded_entropy": [
    0.6931471805599453,
    1.3862943611198906,
    2.0794415416798357,
    2.5394566207911384,
    2.5394566207911384,
    2.5394566207911384,
    2.5394566207911384,
    2.5394566207911384
  ],
  "D_obs_values": [
    2,
    4,
    8,
    16,
    32,
    64,
    256,
    1024
  ]
}