{
  "H_0_kmsmpc": 70.0,
  "a_0_predicted_m_per_s2": 1.0824207264888082e-10,
  "a_0_observed_m_per_s2": 1.2e-10,
  "a_0_predicted_over_observed": 0.9020172720740068,
  "tully_fisher_slope": 0.24999999999999994,
  "tully_fisher_predicted_slope": 0.25,
  "galaxies": {
    "Dwarf (DDO 154)": {
      "M_solar": 500000000.0,
      "R_d_kpc": 0.5,
      "V_obs_kms": 47.0,
      "V_mond_kms": 51.980957443503534,
      "V_newton_kms": 6.55908717664696
    },
    "NGC 3198": {
      "M_solar": 40000000000.0,
      "R_d_kpc": 2.6,
      "V_obs_kms": 150.0,
      "V_mond_kms": 160.48980029219163,
      "V_newton_kms": 58.666256549623505
    },
    "Milky Way": {
      "M_solar": 60000000000.0,
      "R_d_kpc": 3.0,
      "V_obs_kms": 220.0,
      "V_mond_kms": 179.04492318678234,
      "V_newton_kms": 71.851163395301
    },
    "Andromeda (M31)": {
      "M_solar": 100000000000.0,
      "R_d_kpc": 5.0,
      "V_obs_kms": 250.0,
      "V_mond_kms": 206.0112125881354,
      "V_newton_kms": 92.73633551609957
    },
    "Massive spiral": {
      "M_solar": 300000000000.0,
      "R_d_kpc": 7.0,
      "V_obs_kms": 320.0,
      "V_mond_kms": 281.9803677567826,
      "V_newton_kms": 160.14624726729784
    }
  }
}