{
  "phase": 84,
  "title": "Carbon cycle + ENSO + AMOC dynamics",
  "test1_carbon_cycle": {
    "ppm_2024": 395.32466169864,
    "ppm_2050": 417.15111053196017,
    "ppm_2100": 387.068736696368,
    "AF_mean": 0.4960988047490245,
    "years_subset": [
      1850,
      1875,
      1900,
      1925,
      1950,
      1975,
      2000,
      2025,
      2050,
      2075,
      2100
    ],
    "ppm_subset": [
      280.0,
      281.3727043723267,
      283.81588460128415,
      288.44838644122996,
      295.5549844597549,
      315.09952489536187,
      349.1673910783466,
      397.41672577473196,
      417.15111053196017,
      400.6278125139174,
      387.068736696368
    ]
  },
  "test2_enso": {
    "dominant_period_yr": 4.286428571428572,
    "amplitude_K": 0.6660782929498228,
    "max_T_K": 1.4745727483714326
  },
  "test3_amoc": {
    "eta_critical": 0.3849001794597505,
    "P_collapse_2050": 0.1423090773681615,
    "P_collapse_2095": 0.7673041241581013
  },
  "test4_tipping": {
    "T_range_K": [
      0.5,
      0.5714285714285714,
      0.6428571428571428,
      0.7142857142857143,
      0.7857142857142857,
      0.8571428571428571,
      0.9285714285714286,
      1.0,
      1.0714285714285714,
      1.1428571428571428,
      1.2142857142857142,
      1.2857142857142856,
      1.3571428571428572,
      1.4285714285714284,
      1.5,
      1.5714285714285714,
      1.6428571428571428,
      1.7142857142857142,
      1.7857142857142856,
      1.857142857142857,
      1.9285714285714284,
      2.0,
      2.071428571428571,
      2.142857142857143,
      2.2142857142857144,
      2.2857142857142856,
      2.3571428571428568,
      2.4285714285714284,
      2.5,
      2.571428571428571,
      2.642857142857143,
      2.714285714285714,
      2.7857142857142856,
      2.857142857142857,
      2.9285714285714284,
      3.0,
      3.071428571428571,
      3.142857142857143,
      3.214285714285714,
      3.2857142857142856,
      3.3571428571428568,
      3.4285714285714284,
      3.5,
      3.571428571428571,
      3.642857142857143,
      3.714285714285714,
      3.7857142857142856,
      3.8571428571428568,
      3.9285714285714284,
      4.0
    ],
    "elements": [
      {
        "name": "Greenland ice sheet",
        "T_c": 1.6,
        "P_at_1p5": 0.4174297935376853,
        "P_at_2p0": 0.791391472673955,
        "P_at_3p0": 0.9906840406549333,
        "P_curve": [
          0.02492442664711403,
          0.0314143710315701,
          0.0395256977688276,
          0.049624101666644986,
          0.06213563308642966,
          0.07754426358611634,
          0.09638130364788634,
          0.11920292202211753,
          0.14655194228938748,
          0.1789012325079777,
          0.21657909576817583,
          0.25968257106667675,
          0.3079919782839733,
          0.36090725483714853,
          0.4174297935376853,
          0.47620845649861865,
          0.5356536708339714,
          0.5941027850878,
          0.6500019134185034,
          0.7020633698789295,
          0.7493668052021935,
          0.791391472673955,
          0.8279871670642385,
          0.8593043124913196,
          0.8857068155648992,
          0.9076869712477019,
          0.9257941913657578,
          0.9405821754901655,
          0.9525741268224334,
          0.9622429676484341,
          0.9700026708677144,
          0.9762070576018355,
          0.9811531163446008,
          0.985086699487701,
          0.9882091601357991,
          0.9906840406549333,
          0.9926433144764658,
          0.9941929415536206,
          0.9954176588950461,
          0.9963850206951235,
          0.9971487511239807,
          0.997751493662612,
          0.9982270454052078,
          0.9986021604165112,
          0.9988979976321204,
          0.9991312786556242,
          0.9993152106666947,
          0.9994602202917106,
          0.9995745360410674,
          0.9996646498695336
        ],
        "impact_summary": 7.0,
        "timescale_yr": 5000
      },
      {
        "name": "West Antarctic (Thwaites)",
        "T_c": 1.7,
        "P_at_1p5": 0.33924363123418283,
        "P_at_2p0": 0.7310585786300049,
        "P_at_3p0": 0.9870462724693041,
        "P_curve": [
          0.01798620996209156,
          0.02271162727315028,
          0.028642317072230843,
          0.03606453809916635,
          0.04532037736911327,
          0.056811691673661555,
          0.0710000191507991,
          0.08839967720705841,
          0.10956051538765448,
          0.13503642292280238,
          0.16533625704614577,
          0.20085608675050734,
          0.2417961724074101,
          0.2880729083393321,
          0.33924363123418283,
          0.3944675127794143,
          0.452524404873952,
          0.5119025128376735,
          0.5709465968834662,
          0.6280381280479054,
          0.6817671352856284,
          0.7310585786300049,
          0.775232288872946,
          0.8139964849641439,
          0.8473913351573691,
          0.8757060284360343,
          0.8993910035964426,
          0.9189802313346921,
          0.935030830871336,
          0.9480813334841307,
          0.9586263489399246,
          0.9671039176654508,
          0.9738917199342401,
          0.979308887729912,
          0.9836209591025739,
          0.9870462724693041,
          0.9897627128375664,
          0.9919141730089921,
          0.9936164002060339,
          0.9949620948286828,
          0.9960252451233106,
          0.9968647455426416,
          0.9975273768433653,
          0.9980502359338133,
          0.9984627020123049,
          0.9987880182280601,
          0.99904455833769,
          0.9992468375652891,
          0.9994063171404907,
          0.9995320432743672
        ],
        "impact_summary": 3.0,
        "timescale_yr": 500
      },
      {
        "name": "Amazon rainforest",
        "T_c": 2.5,
        "P_at_1p5": 0.03444519566621117,
        "P_at_2p0": 0.15886910488091516,
        "P_at_3p0": 0.8411308951190849,
        "P_curve": [
          0.001271016263081358,
          0.0016121527485262934,
          0.002044661670809488,
          0.002592902893336868,
          0.003287661385934006,
          0.004167799894788136,
          0.005282311198628163,
          0.0066928509242848554,
          0.008476838365093591,
          0.010731212465450791,
          0.013576916943744353,
          0.017164152757520014,
          0.021678363260693726,
          0.027346786796182864,
          0.03444519566621117,
          0.04330410675805652,
          0.0543132661326406,
          0.06792256314142828,
          0.08463675237262301,
          0.10500058502026474,
          0.12957046939970585,
          0.15886910488091516,
          0.19332136980230855,
          0.23317378030154554,
          0.2784062453996438,
          0.32865254651726994,
          0.3831520914074689,
          0.4407558026152071,
          0.5,
          0.5592441973847926,
          0.6168479085925308,
          0.6713474534827298,
          0.7215937546003561,
          0.7668262196984543,
          0.8066786301976913,
          0.8411308951190849,
          0.8704295306002939,
          0.8949994149797352,
          0.915363247627377,
          0.9320774368585716,
          0.9456867338673594,
          0.9566958932419435,
          0.9655548043337889,
          0.9726532132038171,
          0.9783216367393063,
          0.9828358472424801,
          0.9864230830562556,
          0.9892687875345492,
          0.9915231616349064,
          0.9933071490757153
        ],
        "impact_summary": 200.0,
        "timescale_yr": 100
      }
    ],
    "P_cascade_all3_at_2K": 0.09191428066674369
  }
}