{
  "phase": 85,
  "title": "Climate mitigation — renewables + CDR + SRM",
  "test1_renewables": {
    "years": [
      2024,
      2025,
      2026,
      2027,
      2028,
      2029,
      2030,
      2031,
      2032,
      2033,
      2034,
      2035,
      2036,
      2037,
      2038,
      2039,
      2040,
      2041,
      2042,
      2043,
      2044,
      2045,
      2046,
      2047,
      2048,
      2049,
      2050
    ],
    "share_NZE": [
      14.0,
      16.833333333333332,
      19.666666666666668,
      22.5,
      25.333333333333336,
      28.166666666666668,
      31.0,
      33.6,
      36.2,
      38.8,
      41.4,
      44.0,
      46.6,
      49.2,
      51.8,
      54.400000000000006,
      57.0,
      58.5,
      60.0,
      61.5,
      63.0,
      64.5,
      66.0,
      67.5,
      69.0,
      70.5,
      72.0
    ],
    "share_BAU": [
      14.0,
      15.333333333333334,
      16.666666666666668,
      18.0,
      19.333333333333332,
      20.666666666666664,
      22.0,
      23.3,
      24.6,
      25.9,
      27.2,
      28.5,
      29.8,
      31.1,
      32.4,
      33.7,
      35.0,
      36.0,
      37.0,
      38.0,
      39.0,
      40.0,
      41.0,
      42.0,
      43.0,
      44.0,
      45.0
    ],
    "lcoe_solar": [
      40.0,
      38.8,
      37.635999999999996,
      36.50692,
      35.4117124,
      34.349361028,
      33.31888019715999,
      32.31931379124519,
      31.349734377507836,
      30.4092423461826,
      29.496965075797124,
      28.61205612352321,
      27.753694439817508,
      26.921083606622986,
      26.113451098424292,
      25.330047565471567,
      24.57014613850742,
      23.833041754352195,
      23.11805050172163,
      22.42450898666998,
      21.75177371706988,
      21.09922050555778,
      20.46624389039105,
      19.852256573679313,
      19.256688876468935,
      18.678988210174868,
      18.11861856386962
    ],
    "lcoe_coal": [
      108.0,
      111.5,
      115.0,
      118.5,
      122.0,
      125.5,
      129.0,
      132.5,
      136.0,
      139.5,
      143.0,
      146.5,
      150.0,
      153.5,
      157.0,
      160.5,
      164.0,
      167.5,
      171.0,
      174.5,
      178.0,
      181.5,
      185.0,
      188.5,
      192.0,
      195.5,
      199.0
    ],
    "lcoe_solar_2050": 18.11861856386962,
    "lcoe_coal_2050": 199.0,
    "share_NZE_2050": 72.0
  },
  "test2_cdr": {
    "total_capacity_Gt_2050": 9.5,
    "iea_nze_target_Gt": 10.0,
    "annual_cost_billion_USD_2050": 350.0,
    "years": [
      2024,
      2028,
      2032,
      2036,
      2040,
      2044,
      2048
    ]
  },
  "test3_srm": {
    "termination_shock_K_over_10yr": 1.2762500099703629,
    "T_during_SRM_2070": 1.1611866553140486,
    "T_after_2090": 2.431342324046189
  },
  "test4_scenarios": {
    "BAU": {
      "T_2050_K": 2.1376606248205463,
      "T_2100_K": 3.2823254359102876,
      "T_peak_K": 3.2823254359102876,
      "ppm_2050": 486.57276995305153,
      "ppm_2100": 636.6901408450703,
      "P_cascade": 0.9232260547979252
    },
    "NZE": {
      "T_2050_K": 1.8996616154525083,
      "T_2100_K": 2.002123037828062,
      "T_peak_K": 2.002123037828062,
      "ppm_2050": 448.48591549295776,
      "ppm_2100": 455.8568075117371,
      "P_cascade": 0.0927748921235966
    },
    "NZE_CDR": {
      "T_2050_K": 1.846173151943761,
      "T_2100_K": 1.5858945738470032,
      "T_peak_K": 1.8492567333097785,
      "ppm_2050": 440.1321695246478,
      "ppm_2100": 407.8352211678403,
      "P_cascade": 0.044423013429562216
    },
    "NZE_CDR_SRM": {
      "T_2050_K": 0.5789450398912752,
      "T_2100_K": 1.5415941194666114,
      "T_peak_K": 1.6752468357528445,
      "ppm_2050": 440.1321695246478,
      "ppm_2100": 407.8352211678403,
      "P_cascade": 0.0162116243634876
    }
  }
}