{
  "phase": 45,
  "paper": "ITU and Fault-Tolerant Quantum Computing",
  "description": "5-to-1 Bravyi-Kitaev magic state distillation",
  "protocol": "5 noisy magic states → 1 cleaner magic state via [[5,1,3]]",
  "eps_in_array": [
    0.005,
    0.01,
    0.02,
    0.05,
    0.08,
    0.12,
    0.18,
    0.25,
    0.35
  ],
  "eps_out_monte_carlo": [
    0.0006666666666666666,
    0.0006666666666666666,
    0.005,
    0.024333333333333332,
    0.050333333333333334,
    0.11266666666666666,
    0.22766666666666666,
    0.37433333333333335,
    0.5786666666666667
  ],
  "eps_out_closed_form": [
    0.000247509362500023,
    0.0009801496000000909,
    0.0038423872000000747,
    0.022592500000000265,
    0.05436129279999985,
    0.11245086720000003,
    0.2223505727999997,
    0.3671875,
    0.571585
  ],
  "fit_slope": 1.9782239518757039,
  "fit_coefficient_c": 8.836418554549947,
  "empirical_threshold": 0.12907716714064144,
  "theoretical_threshold": 0.1,
  "iterated_data": {
    "0.01": [
      0.01,
      0.0009801496000000909,
      9.588113762623932e-06,
      9.193016181128599e-10,
      1.0041975779680084e-16,
      5.3012723328574284e-17,
      -2.650636166428714e-16
    ],
    "0.05": [
      0.05,
      0.022592500000000265,
      0.004877461208988437,
      0.0002355840968665708,
      5.547372152361722e-07,
      3.0775392466297013e-12,
      -5.111654412319428e-18
    ],
    "0.08": [
      0.08,
      0.05436129279999985,
      0.026467680649046338,
      0.006641858153504598,
      0.00043531192088543114,
      1.8933154217470882e-06,
      3.5846474990465656e-11
    ],
    "0.15": [
      0.15,
      0.16479000000000021,
      0.19263296887568598,
      0.2477056607613244,
      0.3623479690261539,
      0.5950575909153746,
      0.9091093210635792
    ],
    "0.25": [
      0.25,
      0.3671875,
      0.6041074675740674,
      0.9160768551340568,
      0.9997686262070022,
      null,
      null
    ],
    "0.35": [
      0.35,
      0.571585,
      0.8892939982667081,
      0.9993154889472892,
      null,
      null,
      null
    ]
  },
  "ITU_interpretation": "Same [[5,1,3]] code used in Phase 43 also drives magic state distillation in Phase 45, completing the path to universal fault-tolerant quantum computing under the single ITU axiom.",
  "tier": 1,
  "tier_0_concept_doi": "10.5281/zenodo.20109209",
  "caveats": [
    "Probabilistic model only (no full state simulation)",
    "Single-error-type model (real protocols handle multiple errors)",
    "Idealised perfect post-selection",
    "T-state assumed; other magic states (e.g. CCZ) not addressed"
  ],
  "next_phase": "Phase 46: NISQ-era applications"
}