{
  "phase": 155,
  "title": "Topological matter — QHE + FQHE + Topological Insulators",
  "tier1_paper": "#22 Condensed Matter (phase 5/8)",
  "tests": {
    "landau_levels_GaAs_10T": {
      "B_T": 10.0,
      "m_eff_over_me": 0.067,
      "omega_c_rad_per_s": 26251044936897.957,
      "hbar_omega_c_meV": 17.278751649334772,
      "magnetic_length_nm": 8.113026294469947,
      "degeneracy_per_m2": 2417989243566466.5
    },
    "von_klitzing": {
      "R_K_Ohm": 25812.80744348851,
      "reference": 25812.807,
      "conductance_quantum_S": 3.8740458673055264e-05
    },
    "IQHE_plateaus": {
      "nu_1": {
        "sigma_uS": 38.740458673055265,
        "R_xy_Ohm": 25812.80744348851
      },
      "nu_2": {
        "sigma_uS": 77.48091734611053,
        "R_xy_Ohm": 12906.403721744255
      },
      "nu_3": {
        "sigma_uS": 116.22137601916579,
        "R_xy_Ohm": 8604.269147829504
      },
      "nu_4": {
        "sigma_uS": 154.96183469222106,
        "R_xy_Ohm": 6453.201860872127
      }
    },
    "FQHE_plateaus": {
      "0.3333": {
        "R_xy_Ohm": 77438.42233046553
      },
      "0.4000": {
        "R_xy_Ohm": 64532.01860872127
      },
      "0.4286": {
        "R_xy_Ohm": 60229.88403480653
      },
      "0.6667": {
        "R_xy_Ohm": 38719.211165232766
      },
      "2.5000": {
        "R_xy_Ohm": 10325.122977395404
      }
    },
    "chern_number_phase_diagram": {
      "model": "d(k) = (sin kx, sin ky, m - cos kx - cos ky)",
      "samples": {
        "m_-3.0": 1.4908850069360234e-17,
        "m_-1.5": -1.0000000000000004,
        "m_-1.0": -0.999999999999999,
        "m_+0.0": -1.0000000000000002,
        "m_+1.0": 1.0000000000000022,
        "m_+1.5": 1.0000000000000002,
        "m_+3.0": 4.866083008749521e-17
      }
    },
    "Bi2Se3_surface_state": {
      "v_F_m_per_s": 500000.0,
      "E_at_k_1e8_meV": 32.91059782738037
    },
    "laughlin_fractional_charge": {
      "e_quasi_third_C": 5.34058878e-20,
      "verification": "Saminadayar et al. PRL 79, 2526 (1997)"
    }
  },
  "itu_interpretation": {
    "IQHE": "K_band 1st Chern number representation",
    "von_Klitzing": "K_topo universal resistance h/e²",
    "TKNN_formula": "σ_xy = (e²/h) × Chern number",
    "FQHE": "K_correlation × K_topo strongly-correlated topological state",
    "anyon": "K_topo fractional statistics",
    "Berry_phase": "K_band internal connection",
    "Chern_number": "K_band topological integer invariant",
    "TI": "K_band Z₂-protected (time-reversal symmetry)",
    "surface_state": "K_topo bulk-boundary correspondence",
    "Weyl_semimetal": "K_band chirality-pair topological state"
  },
  "key_findings": [
    "von Klitzing R_K = 25812.81 Ω (reference 25812.807 ✓)",
    "GaAs 2DEG @ 10T: ℏω_c = 17.3 meV, l_B = 8.11 nm",
    "Chern number transitions at m = ±2, 0 (3 topological phases)",
    "Bi₂Se₃ surface state linear (Dirac-like), v_F = 5e5 m/s",
    "Laughlin ν=1/3 → e/3 = 5.34e-20 C (Saminadayar 1997)",
    "IQHE: 2016 Nobel (Thouless-Haldane-Kosterlitz); TI: König 2007 HgTe"
  ]
}